이미지번호,위험도,이상여부,"  0: 사람이 없음
  1: 사람 적음 (휑한 경우)
  2: 사람 많음 / 거리 넉넉함 / 안전해보임
  3: 사람 많음 / 거리 좁음 / (그래도) 안전해보임

  4: 사람 많음 / 거리 좁음 / 위험한 거 같기도 함
  5: 그냥 딱 봐도 위험해보임"
1,2,,
2,0,,
3,0,,
4,2,,
5,3,,
6,4,,
7,2,,
8,3,,
9,2,,
10,2,이 이미지처럼 하단부 실루엣이 라벨로 잡히면 안될 것 같은 경우 이상여부 열에 간단하게 적어주세요,
11,2,<- 1인1좌석이니 넉넉함,
12,2,,
13,3,,
14,2,,
15,4,,
16,3,,
17,2,,
18,2,,
19,4,,
20,2,,
21,3,,
22,0,,
23,3,,
24,2,,
25,3,,
26,2,,
27,4,좁으면서 박스들이 많이 겹처보여 4로 선택,
28,3,,
29,3,,
30,3,,
31,2,,
32,0,,
33,1,,
34,3,,
35,3,,
36,2,,
37,3,,
38,1,,
39,3,,
40,2,,
41,3,,
42,2,,
43,3,,
44,2,,
45,3,,
46,2,,
47,2,,
48,4,,
49,3,,
50,3,,
51,0,,
52,3,,
53,2,,
54,3,,
55,2,,
56,2,,
57,3,,
58,2,,
59,4,,
60,3,,
61,2,,
62,2,,
63,3,,
64,2,,
65,3,,
66,2,,
67,1,,
68,2,,
69,2,,
70,3,,
71,3,,
72,3,,
73,2,,
74,3,,
75,2,,
76,3,,
77,2,,
78,3,,
79,2,,
80,2,,
81,2,,
82,3,,
83,2,,
84,2,,
85,1,,
86,0,,
87,4,,
88,3,,
89,3,,
90,3,,
91,2,,
92,3,,
93,2,,
94,2,,
95,3,,
96,1,,
97,2,,
98,2,,
99,3,,
100,2,,
101,2,,
102,4,,
103,0,,
104,1,,
105,2,,
106,3,,
107,3,,
108,2,,
109,0,,
110,2,,
111,4,,
112,3,,
113,2,,
114,4,,
115,2,,
116,2,,
117,2,,
118,0,,
119,2,,
120,3,,
121,2,,
122,1,,
123,3,,
124,2,,
125,0,,
126,2,,
127,2,,
128,3,,
129,2,,
130,4,,
131,2,,
132,4,,
133,3,,
134,2,,
135,3,,
136,3,,
137,1,,
138,2,,
139,5,,
140,0,,
141,2,,
142,3,,
143,3,,
144,2,,
145,3,,
146,0,,
147,3,,
148,4,,
149,3,,
150,4,,
151,4,,
152,0,,
153,4,,
154,2,,
155,3,,
156,3,,
157,2,,
158,3,,
159,3,,
160,3,,
161,3,,
162,3,,
163,3,,
164,3,,
165,2,,
166,2,,
167,3,,
168,2,,
169,3,,
170,3,,
171,0,,
172,0,,
173,0,,
174,2,,
175,3,,
176,3,,
177,3,,
178,4,,
179,2,,
180,4,,
181,4,,
182,0,,
183,4,,
184,3,,
185,2,,
186,1,,
187,2,,
188,1,,
189,2,,
190,3,,
191,2,,
192,3,,
193,3,,
194,0,,
195,0,,
196,2,,
197,2,,
198,3,,
199,3,,
200,2,,
201,3,,
202,2,,
203,0,,
204,0,,
205,2,,
206,1,,
207,3,,
208,0,,
209,3,,
210,2,,
211,3,,
212,3,,
213,2,,
214,2,,
215,2,,
216,2,,
217,2,,
218,2,,
219,3,,
220,0,,
221,2,,
222,3,,
223,2,,
224,2,,
225,0,,
226,3,,
227,3,,
228,2,,
229,3,,
230,1,,
231,3,,
232,1,,
233,2,,
234,2,,
235,2,,
236,2,,
237,2,,
238,2,,
239,0,,
240,2,,
241,3,,
242,4,,
243,1,,
244,3,,
245,3,,
246,2,,
247,2,,
248,2,,
249,2,,
250,2,,
251,3,,
252,2,,
253,0,,
254,2,,
255,3,,
256,0,,
257,4,,
258,2,,
259,2,,
260,2,,
261,3,,
262,2,,
263,2,,
264,3,,
265,3,,
266,3,,
267,0,,
268,3,,
269,2,,
270,2,,
271,0,,
272,3,,
273,2,,
274,4,,
275,3,,
276,1,,
277,2,,
278,3,,
279,2,,
280,5,,
281,3,,
282,3,,
283,3,,
284,3,,
285,3,,
286,2,,
287,1,,
288,2,,
289,1,,
290,3,,
291,4,,
292,0,,
293,2,,
294,4,,
295,3,,
296,4,,
297,3,,
298,2,,
299,3,,
300,3,,
301,3,,
302,3,,
303,2,,
304,1,,
305,1,,
306,2,,
307,2,,
308,2,,
309,1,,
310,3,,
311,4,,
312,2,,
313,3,,
314,3,,
315,3,,
316,1,,
317,2,,
318,2,,
319,2,,
320,3,,
321,3,,
322,3,,
323,3,,
324,2,,
325,3,,
326,1,,
327,4,,
328,2,,
329,3,,
330,3,,
331,3,,
332,0,,
333,3,,
334,3,,
335,3,,
336,2,,
337,2,,
338,3,,
339,3,,
340,2,,
341,3,,
342,4,,
343,3,,
344,3,,
345,1,,
346,4,,
347,2,하단이 검정색인데 잡힘,
348,3,,
349,2,,
350,0,,
351,2,,
352,2,,
353,3,,
354,3,,
355,0,,
356,0,,
357,2,,
358,3,,
359,3,,
360,3,,
361,0,,
362,3,,
363,2,,
364,2,,
365,2,,
366,2,,
367,2,,
368,2,,
369,0,,
370,2,,
371,2,,
372,3,,
373,3,,
374,2,,
375,3,,
376,3,,
377,2,,
378,2,,
379,3,,
380,2,,
381,3,,
382,2,,
383,3,,
384,3,,
385,3,,
386,2,,
387,3,,
388,2,,
389,4,,
390,0,,
391,3,,
392,2,,
393,3,,
394,2,,
395,1,,
396,0,,
397,2,,
398,3,,
399,2,,
400,2,,
401,0,,
402,2,,
403,3,,
404,3,,
405,4,,
406,2,,
407,0,,
408,0,,
409,3,,
410,2,,
411,3,,
412,3,,
413,3,,
414,2,,
415,3,,
416,2,,
417,0,,
418,3,,
419,5,,
420,0,,
421,4,,
422,0,,
423,2,,
424,2,,
425,2,,
426,3,,
427,2,,
428,3,,
429,0,,
430,2,,
431,2,,
432,2,,
433,2,,
434,3,,
435,2,,
436,3,,
437,2,,
438,0,,
439,2,,
440,3,,
441,2,,
442,2,,
443,3,,
444,2,,
445,3,,
446,3,,
447,4,,
448,3,,
449,3,,
450,1,,
451,3,,
452,3,,
453,2,,
454,2,,
455,2,,
456,2,,
457,3,,
458,3,,
459,3,,
460,0,,
461,2,,
462,2,,
463,2,,
464,2,,
465,0,,
466,2,,
467,2,,
468,0,,
469,2,,
470,2,,
471,3,,
472,4,,
473,0,,
474,2,,
475,2,,
476,0,,
477,2,,
478,0,,
479,3,,
480,3,,
481,3,,
482,3,,
483,3,,
484,1,,
485,2,,
486,4,,
487,2,,
488,4,,
489,0,,
490,3,,
491,2,,
492,2,,
493,3,,
494,2,,
495,2,,
496,2,,
497,2,,
498,2,,
499,3,,
500,3,,
501,2,,
502,2,,
503,2,,
504,2,,
505,1,,
506,2,,
507,3,,
508,2,,
509,1,,
510,3,,
511,2,,
512,2,,
513,2,,
514,3,,
515,3,,
516,3,,
517,3,,
518,2,,
519,0,,
520,3,,
521,3,,
522,2,,
523,3,,
524,0,,
525,2,,
526,2,,
527,0,,
528,1,,
529,2,,
530,2,,
531,2,,
532,0,,
533,3,,
534,3,,
535,2,,
536,2,,
537,0,,
538,2,,
539,3,,
540,3,,
541,3,,
542,3,,
543,3,,
544,2,,
545,3,,
546,2,,
547,2,,
548,2,,
549,1,,
550,3,,
551,3,,
552,2,,
553,3,,
554,3,,
555,3,,
556,2,,
557,2,,
558,2,,
559,1,,
560,2,,
561,2,,
562,1,,
563,0,,
564,3,,
565,2,,
566,3,,
567,3,,
568,2,,
569,2,,
570,2,,
571,1,,
572,2,,
573,2,,
574,3,,
575,3,,
576,2,,
577,3,,
578,2,,
579,2,,
580,2,,
581,2,,
582,0,,
583,0,,
584,2,,
585,2,,
586,2,,
587,2,,
588,4,,
589,2,,
590,2,,
591,3,,
592,1,,
593,3,,
594,3,,
595,2,,
596,2,,
597,2,,
598,2,,
599,2,,
600,2,,
601,2,,
602,3,,
603,3,,
604,2,,
605,0,,
606,2,,
607,2,,
608,1,,
609,1,,
610,3,,
611,3,,
612,4,,
613,2,,
614,3,,
615,3,,
616,4,,
617,3,,
618,4,,
619,2,,
620,3,,
621,3,,
622,3,,
623,3,,
624,3,,
625,2,,
626,2,,
627,4,,
628,3,,
629,0,,
630,4,,
631,4,,
632,2,,
633,2,,
634,4,,
635,4,,
636,3,,
637,3,,
638,4,,
639,3,,
640,3,,
641,3,,
642,3,,
643,3,,
644,3,,
645,3,,
646,3,,
647,3,,
648,4,,
649,3,,
650,3,,
651,2,,
652,3,,
653,4,,
654,1,,
655,2,,
656,2,,
657,3,,
658,3,,
659,2,,
660,3,,
661,1,,
662,3,,
663,2,,
664,1,,
665,3,,
666,2,,
667,2,,
668,2,,
669,2,,
670,0,,
671,4,,
672,3,검은잔상같은게 잡힘,
673,0,0,
674,2,,
675,3,,
676,3,,
677,3,,
678,1,,
679,4,,
680,2,,
681,0,,
682,3,,
683,2,,
684,2,,
685,2,,
686,2,,
687,2,,
688,0,,
689,2,,
690,2,,
691,3,,
692,2,,
693,0,,
694,2,,
695,0,,
696,3,,
697,3,,
698,3,,
699,1,,
700,2,,
701,3,,
702,3,,
703,0,,
704,2,,
705,3,,
706,3,,
707,3,,
708,3,,
709,3,,
710,3,,
711,2,,
712,3,,
713,2,,
714,3,,
715,2,,
716,3,,
717,2,,
718,2,,
719,2,,
720,2,,
721,2,,
722,2,,
723,2,,
724,0,,
725,3,,
726,3,,
727,2,,
728,2,,
729,4,,
730,3,,
731,2,,
732,2,,
733,3,,
734,3,,
735,3,,
736,1,,
737,3,,
738,3,,
739,3,,
740,3,,
741,2,,
742,2,,
743,2,,
744,3,,
745,2,,
746,2,,
747,3,,
748,0,,
749,2,,
750,3,,
751,2,,
752,2,,
753,2,,
754,3,,
755,3,,
756,2,,
757,3,,
758,3,,
759,3,,
760,2,,
761,2,,
762,3,,
763,2,,
764,3,,
765,3,,
766,3,,
767,3,,
768,2,,
769,3,,
770,2,,
771,2,,
772,2,,
773,3,,
774,2,,
775,4,,
776,2,,
777,2,,
778,2,,
779,2,,
780,2,,
781,3,,
782,3,,
783,2,,
784,3,,
785,3,,
786,2,,
787,3,,
788,2,,
789,3,,
790,1,,
791,2,,
792,3,,
793,3,,
794,3,,
795,2,,
796,3,,
797,0,,
798,2,,
799,3,,
800,2,,
801,1,,
802,3,,
803,2,,
804,2,,
805,3,,
806,2,,
807,0,,
808,3,,
809,4,,
810,2,,
811,3,,
812,3,,
813,2,,
814,3,,
815,4,,
816,3,,
817,2,,
818,2,,
819,3,,
820,0,,
821,1,,
822,4,,
823,3,,
824,2,,
825,2,,
826,2,,
827,3,,
828,3,,
829,3,,
830,3,,
831,3,,
832,1,,
833,4,,
834,3,,
835,2,,
836,3,,
837,4,,
838,1,,
839,2,,
840,4,,
841,3,,
842,4,,
843,4,,
844,3,,
845,2,,
846,3,,
847,2,,
848,4,,
849,3,,
850,3,,
851,2,,
852,2,,
853,3,,
854,1,,
855,3,,
856,0,,
857,2,,
858,0,,
859,3,,
860,2,,
861,0,,
862,1,,
863,2,,
864,4,,
865,4,,
866,0,,
867,2,,
868,4,,
869,2,,
870,3,,
871,2,,
872,2,,
873,2,,
874,2,,
875,5,,
876,3,,
877,3,,
878,2,,
879,3,,
880,1,,
881,3,,
882,2,,
883,3,,
884,4,,
885,3,,
886,3,,
887,2,,
888,2,,
889,1,,
890,2,,
891,0,,
892,3,,
893,2,,
894,2,,
895,3,,
896,1,,
897,2,,
898,3,,
899,2,,
900,2,,
901,0,,
902,2,,
903,3,,
904,2,,
905,3,,
906,3,,
907,4,,
908,2,,
909,2,,
910,1,,
911,4,,
912,3,,
913,3,,
914,3,,
915,3,,
916,3,,
917,4,,
918,2,,
919,4,,
920,2,,
921,0,,
922,2,,
923,1,,
924,2,,
925,2,,
926,2,,
927,3,,
928,3,,
929,4,,
930,3,,
931,2,,
932,0,,
933,1,,
934,2,,
935,2,,
936,2,,
937,3,,
938,2,,
939,2,,
940,3,,
941,2,,
942,1,,
943,2,,
944,3,,
945,3,,
946,0,,
947,2,,
948,2,,
949,2,,
950,3,,
951,3,,
952,3,,
953,2,,
954,3,,
955,2,,
956,5,,
957,3,,
958,3,,
959,4,,
960,0,,
961,0,,
962,3,,
963,2,,
964,2,,
965,0,,
966,2,,
967,2,,
968,2,,
969,1,,
970,3,,
971,3,,
972,2,,
973,3,,
974,2,,
975,2,,
976,2,,
977,2,,
978,2,,
979,2,,
980,2,,
981,3,,
982,0,,
983,2,,
984,4,,
985,3,,
986,2,,
987,2,,
988,3,,
989,2,,
990,2,,
991,2,,
992,1,,
993,3,,
994,3,,
995,2,,
996,2,,
997,3,,
998,2,,
999,2,,
1000,2,,
1001,3,,
1002,2,,
1003,2,,
1004,2,,
1005,2,,
1006,3,,
1007,2,,
1008,2,,
1009,3,,
1010,4,,
1011,3,,
1012,0,,
1013,0,,
1014,2,,
1015,1,,
1016,5,,
1017,2,,
1018,2,,
1019,3,,
1020,0,,
1021,4,,
1022,0,,
1023,3,,
1024,2,,
1025,2,,
1026,5,,
1027,3,,
1028,1,,
1029,1,,
1030,3,,
1031,2,,
1032,2,,
1033,4,,
1034,2,,
1035,2,,
1036,1,,
1037,2,,
1038,2,,
1039,3,,
1040,3,,
1041,1,,
1042,3,,
1043,1,,
1044,5,,
1045,2,,
1046,2,,
1047,4,,
1048,2,,
1049,2,,
1050,2,,
1051,2,,
1052,3,,
1053,3,,
1054,3,,
1055,4,,
1056,2,,
1057,4,,
1058,2,,
1059,2,,
1060,3,,
1061,2,,
1062,2,,
1063,3,,
1064,3,,
1065,3,,
1066,3,,
1067,0,,
1068,4,,
1069,2,,
1070,4,,
1071,3,,
1072,0,,
1073,2,,
1074,3,,
1075,4,,
1076,2,,
1077,2,,
1078,3,,
1079,3,,
1080,3,,
1081,2,,
1082,2,,
1083,2,,
1084,3,,
1085,3,,
1086,5,,
1087,4,,
1088,2,,
1089,2,,
1090,3,,
1091,2,,
1092,4,,
1093,2,,
1094,3,,
1095,4,,
1096,4,,
1097,2,,
1098,0,,
1099,2,,
1100,2,,
1101,2,,
1102,1,,
1103,1,,
1104,2,,
1105,0,,
1106,3,,
1107,3,,
1108,3,,
1109,0,,
1110,0,,
1111,2,,
1112,1,,
1113,3,,
1114,2,,
1115,3,,
1116,2,,
1117,2,,
1118,0,,
1119,4,,
1120,2,,
1121,2,,
1122,4,,
1123,2,,
1124,2,,
1125,2,,
1126,3,,
1127,3,,
1128,2,,
1129,2,,
1130,2,,
1131,3,,
1132,2,,
1133,4,,
1134,4,,
1135,0,,
1136,2,,
1137,2,,
1138,2,,
1139,2,,
1140,3,,
1141,3,,
1142,2,,
1143,2,,
1144,3,,
1145,0,,
1146,4,,
1147,3,,
1148,2,,
1149,4,,
1150,3,,
1151,0,,
1152,4,,
1153,3,,
1154,4,,
1155,1,,
1156,2,,
1157,2,,
1158,2,,
1159,2,,
1160,2,,
1161,3,,
1162,0,,
1163,2,,
1164,2,,
1165,2,,
1166,2,,
1167,2,,
1168,2,,
1169,2,,
1170,2,,
1171,2,,
1172,2,,
1173,2,,
1174,3,,
1175,2,,
1176,2,,
1177,0,,
1178,2,,
1179,2,,
1180,2,,
1181,2,,
1182,2,,
1183,4,,
1184,3,,
1185,2,,
1186,3,,
1187,3,,
1188,2,,
1189,2,,
1190,3,,
1191,2,,
1192,2,,
1193,2,,
1194,2,,
1195,2,,
1196,3,,
1197,2,,
1198,2,,
1199,2,,
1200,2,,
1201,3,,
1202,2,,
1203,2,,
1204,2,,
1205,2,,
1206,4,,
1207,3,,
1208,4,,
1209,3,,
1210,4,,
1211,1,,
1212,2,,
1213,2,,
1214,3,,
1215,2,,
1216,2,,
1217,2,,
1218,3,,
1219,2,,
1220,3,,
1221,3,,
1222,2,,
1223,2,,
1224,2,,
1225,0,,
1226,2,,
1227,2,,
1228,4,,
1229,3,,
1230,3,,
1231,3,,
1232,2,,
1233,2,,
1234,2,,
1235,3,,
1236,1,,
1237,1,,
1238,3,,
1239,1,,
1240,2,,
1241,0,,
1242,0,,
1243,2,,
1244,2,,
1245,3,,
1246,2,,
1247,2,,
1248,2,,
1249,2,,
1250,4,,
1251,2,,
1252,2,,
1253,2,,
1254,0,,
1255,0,,
1256,2,,
1257,2,,
1258,4,,
1259,4,,
1260,3,,
1261,2,,
1262,2,,
1263,2,,
1264,3,,
1265,2,,
1266,2,,
1267,2,,
1268,2,,
1269,3,,
1270,2,,
1271,2,,
1272,2,,
1273,2,,
1274,2,,
1275,4,,
1276,2,,
1277,2,,
1278,0,,
1279,3,,
1280,3,,
1281,2,,
1282,2,,
1283,3,,
1284,3,,
1285,1,,
1286,2,,
1287,2,,
1288,2,,
1289,2,,
1290,2,,
1291,2,,
1292,2,,
1293,2,,
1294,2,,
1295,2,,
1296,2,,
1297,2,,
1298,2,,
1299,3,,
1300,4,,
1301,3,,
1302,2,,
1303,3,,
1304,3,,
1305,2,,
1306,2,,
1307,2,,
1308,3,,
1309,2,,
1310,2,,
1311,2,,
1312,2,,
1313,2,,
1314,2,,
1315,2,,
1316,2,,
1317,2,,
1318,3,,
1319,3,,
1320,3,,
1321,2,,
1322,3,,
1323,2,,
1324,2,,
1325,2,,
1326,3,,
1327,2,,
1328,2,,
1329,2,,
1330,2,,
1331,2,,
1332,2,,
1333,2,,
1334,2,,
1335,4,,
1336,0,,
1337,2,,
1338,3,,
1339,2,,
1340,2,,
1341,2,,
1342,2,,
1343,3,,
1344,2,,
1345,2,,
1346,2,,
1347,2,,
1348,2,,
1349,2,,
1350,2,,
1351,2,,
1352,2,,
1353,2,,
1354,2,,
1355,2,,
1356,2,,
1357,2,,
1358,2,,
1359,2,,
1360,4,,
1361,2,,
1362,2,,
1363,3,,
1364,2,,
1365,3,,
1366,2,,
1367,2,,
1368,2,,
1369,2,,
1370,2,,
1371,2,,
1372,3,,
1373,2,,
1374,4,,
1375,2,,
1376,2,,
1377,2,,
1378,2,,
1379,4,,
1380,2,,
1381,2,,
1382,3,,
1383,2,,
1384,3,,
1385,2,,
1386,0,,
1387,2,,
1388,2,,
1389,2,,
1390,2,,
1391,2,,
1392,2,,
1393,3,,
1394,2,,
1395,2,,
1396,2,,
1397,2,,
1398,2,,
1399,2,,
1400,2,,
1401,0,,
1402,3,,
1403,0,,
1404,1,,
1405,3,,
1406,2,,
1407,2,,
1408,2,,
1409,3,,
1410,4,,
1411,3,,
1412,2,,
1413,2,,
1414,2,,
1415,3,,
1416,2,,
1417,2,,
1418,2,,
1419,0,,
1420,2,,
1421,2,,
1422,2,,
1423,0,,
1424,1,,
1425,2,,
1426,2,,
1427,2,,
1428,2,,
1429,2,,
1430,2,,
1431,2,,
1432,2,,
1433,2,,
1434,2,,
1435,2,,
1436,2,,
1437,2,,
1438,2,,
1439,2,,
1440,2,,
1441,3,,
1442,2,,
1443,2,,
1444,2,,
1445,2,,
1446,4,,
1447,3,,
1448,2,,
1449,2,,
1450,2,,
1451,2,,
1452,0,,
1453,2,,
1454,2,,
1455,2,,
1456,3,,
1457,2,,
1458,2,,
1459,2,,
1460,0,,
1461,3,,
1462,3,,
1463,2,,
1464,2,,
1465,2,,
1466,3,,
1467,2,,
1468,2,,
1469,3,,
1470,3,,
1471,3,,
1472,3,,
1473,4,,
1474,2,,
1475,2,,
1476,2,,
1477,0,,
1478,2,,
1479,2,,
1480,2,,
1481,2,,
1482,2,,
1483,3,,
1484,3,,
1485,0,,
1486,3,,
1487,2,,
1488,0,,
1489,2,,
1490,2,,
1491,2,,
1492,0,,
1493,2,,
1494,2,,
1495,2,,
1496,2,,
1497,2,,
1498,2,,
1499,0,,
1500,2,,
1501,2,,
1502,2,,
1503,2,,
1504,2,,
1505,2,,
1506,4,,
1507,0,,
1508,2,,
1509,2,,
1510,0,,
1511,0,,
1512,2,,
1513,2,,
1514,0,,
1515,2,,
1516,2,,
1517,2,,
1518,2,,
1519,2,,
1520,2,,
1521,2,,
1522,2,,
1523,2,,
1524,3,,
1525,2,,
1526,2,,
1527,2,,
1528,2,,
1529,2,,
1530,2,,
1531,2,,
1532,2,,
1533,2,,
1534,3,,
1535,4,,
1536,2,,
1537,2,,
1538,2,,
1539,2,,
1540,2,,
1541,2,,
1542,2,,
1543,3,,
1544,2,,
1545,3,,
1546,2,,
1547,2,,
1548,2,,
1549,2,,
1550,3,,
1551,2,,
1552,2,,
1553,3,,
1554,2,,
1555,2,,
1556,2,,
1557,1,,
1558,1,,
1559,1,,
1560,2,,
1561,2,,
1562,2,,
1563,3,,
1564,2,,
1565,3,,
1566,3,,
1567,2,,
1568,2,,
1569,2,,
1570,2,,
1571,2,,
1572,2,,
1573,2,,
1574,2,,
1575,2,,
1576,2,,
1577,2,,
1578,2,,
1579,2,,
1580,3,,
1581,2,,
1582,2,,
1583,2,,
1584,2,,
1585,3,,
1586,2,,
1587,2,,
1588,3,,
1589,3,,
1590,2,,
1591,2,,
1592,3,,
1593,2,,
1594,0,,
1595,2,,
1596,2,,
1597,2,,
1598,3,,
1599,2,,
1600,0,,
1601,2,,
1602,0,,
1603,2,,
1604,2,,
1605,2,,
1606,3,,
1607,2,,
1608,3,,
1609,2,,
1610,3,,
1611,0,,
1612,2,,
1613,2,,
1614,2,,
1615,2,,
1616,2,,
1617,2,,
1618,0,,
1619,2,,
1620,2,,
1621,2,,
1622,3,,
1623,2,,
1624,2,,
1625,3,,
1626,2,,
1627,0,,
1628,2,,
1629,2,,
1630,4,,
1631,2,,
1632,2,,
1633,2,,
1634,2,,
1635,0,,
1636,2,,
1637,2,,
1638,2,,
1639,3,,
1640,2,,
1641,2,,
1642,2,,
1643,2,,
1644,2,,
1645,2,,
1646,3,,
1647,2,,
1648,0,,
1649,2,,
1650,3,,
1651,2,,
1652,2,,
1653,2,,
1654,2,,
1655,2,,
1656,2,,
1657,2,,
1658,2,,
1659,2,,
1660,2,,
1661,2,,
1662,2,,
1663,4,,
1664,1,,
1665,2,,
1666,3,,
1667,2,,
1668,2,,
1669,2,,
1670,0,,
1671,2,,
1672,1,,
1673,3,,
1674,2,,
1675,2,,
1676,2,,
1677,2,,
1678,2,,
1679,3,,
1680,2,,
1681,2,,
1682,2,,
1683,2,,
1684,2,,
1685,2,,
1686,2,,
1687,2,,
1688,3,,
1689,3,,
1690,2,,
1691,2,,
1692,2,,
1693,0,,
1694,3,,
1695,2,,
1696,0,,
1697,2,,
1698,2,,
1699,2,,
1700,2,,
1701,3,,
1702,3,,
1703,4,,
1704,0,,
1705,2,,
1706,3,,
1707,2,,
1708,2,,
1709,2,,
1710,2,,
1711,3,,
1712,2,,
1713,2,,
1714,2,,
1715,2,,
1716,3,,
1717,2,,
1718,2,,
1719,4,,
1720,2,,
1721,3,,
1722,2,,
1723,2,,
1724,3,,
1725,2,,
1726,2,,
1727,2,,
1728,2,,
1729,2,,
1730,1,,
1731,3,,
1732,2,,
1733,2,,
1734,2,,
1735,2,,
1736,2,,
1737,3,,
1738,2,,
1739,2,,
1740,2,,
1741,2,,
1742,1,,
1743,2,,
1744,2,,
1745,0,,
1746,3,,
1747,2,,
1748,2,,
1749,2,,
1750,2,,
1751,2,,
1752,2,,
1753,2,,
1754,3,,
1755,2,,
1756,2,,
1757,2,,
1758,2,,
1759,2,,
1760,2,,
1761,2,,
1762,2,,
1763,2,,
1764,2,,
1765,2,,
1766,2,,
1767,2,,
1768,2,,
1769,3,,
1770,4,,
1771,2,,
1772,2,,
1773,2,,
1774,2,,
1775,2,,
1776,3,,
1777,2,,
1778,3,,
1779,2,,
1780,2,,
1781,2,,
1782,2,,
1783,4,,
1784,2,,
1785,3,,
1786,2,,
1787,3,,
1788,2,,
1789,2,,
1790,2,,
1791,0,,
1792,2,,
1793,2,,
1794,2,,
1795,2,,
1796,2,,
1797,2,,
1798,4,,
1799,1,,
1800,2,,
1801,2,,
1802,0,,
1803,2,,
1804,2,,
1805,2,,
1806,2,,
1807,2,,
1808,3,,
1809,2,,
1810,0,,
1811,2,,
1812,3,,
1813,3,,
1814,3,,
1815,2,,
1816,2,,
1817,2,,
1818,3,,
1819,2,,
1820,2,,
1821,2,,
1822,2,,
1823,2,,
1824,2,,
1825,2,,
1826,1,,
1827,0,,
1828,3,,
1829,4,,
1830,2,,
1831,2,,
1832,2,,
1833,3,,
1834,3,,
1835,2,,
1836,4,,
1837,2,,
1838,2,,
1839,1,,
1840,2,,
1841,3,,
1842,3,,
1843,2,,
1844,1,,
1845,2,,
1846,2,,
1847,2,,
1848,2,,
1849,2,,
1850,3,,
1851,2,,
1852,3,,
1853,5,,
1854,2,,
1855,2,,
1856,2,,
1857,4,,
1858,4,,
1859,2,,
1860,2,,
1861,5,,
1862,2,,
1863,2,,
1864,2,,
1865,2,,
1866,2,,
1867,2,,
1868,3,,
1869,2,,
1870,2,,
1871,2,,
1872,0,,
1873,2,,
1874,2,,
1875,5,,
1876,4,,
1877,2,,
1878,2,,
1879,2,,
1880,0,,
1881,2,,
1882,2,,
1883,2,,
1884,2,,
1885,2,,
1886,2,,
1887,2,,
1888,2,,
1889,2,,
1890,0,,
1891,2,,
1892,2,,
1893,2,,
1894,2,,
1895,2,,
1896,2,,
1897,2,,
1898,2,,
1899,4,,
1900,2,,
1901,2,,
1902,2,,
1903,2,,
1904,2,,
1905,2,,
1906,2,,
1907,2,,
1908,2,,
1909,0,,
1910,3,,
1911,2,,
1912,2,,
1913,2,,
1914,1,,
1915,2,,
1916,2,,
1917,2,,
1918,2,,
1919,2,,
1920,1,,
1921,2,,
1922,0,,
1923,3,,
1924,2,,
1925,0,,
1926,1,,
1927,2,,
1928,2,,
1929,2,,
1930,2,,
1931,2,,
1932,2,,
1933,2,,
1934,1,,
1935,2,,
1936,2,,
1937,2,,
1938,2,,
1939,3,,
1940,4,,
1941,2,,
1942,4,,
1943,2,,
1944,4,,
1945,3,,
1946,2,,
1947,2,,
1948,2,,
1949,2,,
1950,2,,
1951,2,,
1952,2,,
1953,3,,
1954,2,,
1955,2,,
1956,2,,
1957,2,,
1958,2,,
1959,2,,
1960,2,,
1961,3,,
1962,3,,
1963,2,,
1964,2,,
1965,3,,
1966,2,,
1967,0,,
1968,2,,
1969,0,,
1970,2,,
1971,2,,
1972,4,,
1973,3,,
1974,4,,
1975,2,,
1976,2,,
1977,2,,
1978,2,,
1979,3,,
1980,2,,
1981,2,,
1982,2,,
1983,2,,
1984,2,,
1985,2,,
1986,2,,
1987,2,,
1988,2,,
1989,2,,
1990,4,,
1991,2,,
1992,3,,
1993,2,,
1994,2,,
1995,2,,
1996,2,,
1997,2,,
1998,2,,
1999,2,,
2000,2,,
2001,4,,
2002,2,,
2003,2,,
2004,2,,
2005,2,,
2006,2,,
2007,2,,
2008,2,,
2009,2,,
2010,2,,
2011,0,,
2012,2,,
2013,2,,
2014,2,,
2015,2,,
2016,2,,
2017,3,,
2018,0,,
2019,2,,
2020,0,,
2021,2,,
2022,2,,
2023,2,,
2024,2,,
2025,2,,
2026,3,,
2027,2,,
2028,4,,
2029,2,,
2030,2,,
2031,2,,
2032,2,,
2033,2,,
2034,2,,
2035,2,,
2036,2,,
2037,2,,
2038,2,,
2039,3,,
2040,2,,
2041,2,,
2042,2,,
2043,3,,
2044,2,,
2045,2,,
2046,0,,
2047,2,,
2048,3,,
2049,4,,
2050,0,,
2051,2,,
2052,3,,
2053,2,,
2054,2,,
2055,2,,
2056,2,,
2057,2,,
2058,0,,
2059,2,,
2060,2,,
2061,2,,
2062,2,,
2063,2,,
2064,3,,
2065,1,,
2066,2,,
2067,2,,
2068,0,,
2069,3,,
2070,2,,
2071,2,,
2072,2,,
2073,2,,
2074,2,,
2075,2,,
2076,2,,
2077,2,,
2078,2,,
2079,3,,
2080,3,,
2081,5,,
2082,2,,
2083,2,,
2084,2,,
2085,0,,
2086,3,,
2087,4,,
2088,2,,
2089,2,,
2090,2,,
2091,2,,
2092,2,,
2093,2,,
2094,0,,
2095,2,,
2096,2,,
2097,2,,
2098,2,,
2099,2,,
2100,2,,
2101,2,,
2102,2,,
2103,2,,
2104,1,,
2105,2,,
2106,4,,
2107,2,,
2108,2,,
2109,2,,
2110,2,,
2111,2,,
2112,2,,
2113,5,,
2114,2,,
2115,2,,
2116,2,,
2117,2,,
2118,3,,
2119,2,,
2120,2,,
2121,0,,
2122,5,,
2123,2,,
2124,2,,
2125,2,,
2126,3,,
2127,3,,
2128,2,,
2129,2,,
2130,2,,
2131,2,,
2132,2,,
2133,2,,
2134,2,,
2135,2,,
2136,2,,
2137,2,,
2138,2,,
2139,2,,
2140,3,,
2141,2,,
2142,2,,
2143,2,,
2144,2,,
2145,3,,
2146,2,,
2147,2,,
2148,2,,
2149,2,,
2150,2,,
2151,2,,
2152,2,,
2153,2,,
2154,1,,
2155,1,,
2156,2,,
2157,2,,
2158,2,,
2159,2,,
2160,2,,
2161,4,,
2162,2,,
2163,2,,
2164,2,,
2165,3,,
2166,2,,
2167,2,,
2168,4,,
2169,2,,
2170,2,,
2171,2,,
2172,2,,
2173,5,,
2174,1,,
2175,2,,
2176,2,,
2177,2,,
2178,2,,
2179,2,,
2180,4,,
2181,2,,
2182,2,,
2183,2,,
2184,2,,
2185,3,,
2186,2,,
2187,0,,
2188,2,,
2189,3,,
2190,2,,
2191,2,,
2192,4,,
2193,2,,
2194,2,,
2195,3,,
2196,4,,
2197,2,,
2198,2,,
2199,3,,
2200,2,,
2201,2,,
2202,3,,
2203,2,,
2204,3,,
2205,2,,
2206,2,,
2207,2,,
2208,2,,
2209,2,,
2210,2,,
2211,0,,
2212,4,,
2213,2,,
2214,3,,
2215,3,,
2216,2,,
2217,3,,
2218,3,,
2219,3,,
2220,4,,
2221,3,,
2222,3,,
2223,5,,
2224,3,,
2225,1,,
2226,0,,
2227,2,,
2228,3,,
2229,3,,
2230,3,,
2231,0,,
2232,2,,
2233,3,,
2234,3,,
2235,0,,
2236,2,,
2237,2,,
2238,3,,
2239,2,,
2240,4,,
2241,2,,
2242,3,,
2243,2,,
2244,1,,
2245,3,,
2246,2,,
2247,2,,
2248,2,,
2249,2,,
2250,4,,
2251,2,,
2252,1,,
2253,2,,
2254,0,,
2255,2,,
2256,2,,
2257,3,,
2258,2,,
2259,2,,
2260,2,,
2261,3,,
2262,4,,
2263,3,,
2264,3,,
2265,3,,
2266,3,,
2267,5,,
2268,4,,
2269,4,,
2270,2,,
2271,2,,
2272,3,,
2273,3,,
2274,3,,
2275,2,,
2276,3,,
2277,2,,
2278,2,,
2279,0,,
2280,2,,
2281,3,,
2282,2,,
2283,4,,
2284,2,,
2285,2,,
2286,2,,
2287,2,,
2288,2,,
2289,2,,
2290,3,,
2291,3,,
2292,4,,
2293,0,,
2294,2,,
2295,3,,
2296,3,,
2297,3,,
2298,1,,
2299,4,,
2300,2,,
2301,2,,
2302,2,,
2303,2,,
2304,3,,
2305,4,,
2306,3,,
2307,4,,
2308,3,,
2309,3,,
2310,2,,
2311,0,,
2312,2,,
2313,3,,
2314,3,,
2315,3,,
2316,2,,
2317,2,,
2318,3,,
2319,3,,
2320,3,,
2321,3,,
2322,2,,
2323,2,,
2324,3,,
2325,2,,
2326,3,,
2327,3,,
2328,3,,
2329,2,,
2330,4,,
2331,3,,
2332,3,,
2333,0,,
2334,2,,
2335,2,,
2336,2,,
2337,3,,
2338,3,,
2339,3,,
2340,3,,
2341,2,,
2342,2,,
2343,3,,
2344,2,,
2345,3,,
2346,3,,
2347,3,,
2348,3,,
2349,1,,
2350,2,,
2351,0,,
2352,1,,
2353,3,,
2354,3,,
2355,3,,
2356,3,,
2357,3,,
2358,3,,
2359,3,,
2360,1,,
2361,3,,
2362,2,,
2363,3,,
2364,1,,
2365,3,,
2366,3,,
2367,3,,
2368,2,,
2369,2,,
2370,2,,
2371,2,,
2372,2,,
2373,3,,
2374,2,,
2375,2,,
2376,3,,
2377,3,,
2378,3,,
2379,3,,
2380,2,,
2381,2,,
2382,0,,
2383,0,,
2384,1,,
2385,1,,
2386,3,,
2387,3,,
2388,3,,
2389,2,,
2390,3,,
2391,3,,
2392,2,,
2393,4,,
2394,2,,
2395,3,,
2396,3,,
2397,3,,
2398,2,,
2399,1,,
2400,2,,
2401,3,,
2402,2,,
2403,3,,
2404,2,,
2405,3,,
2406,2,,
2407,3,,
2408,3,,
2409,3,,
2410,3,,
2411,2,,
2412,2,,
2413,2,,
2414,3,,
2415,2,,
2416,3,,
2417,2,,
2418,3,,
2419,3,,
2420,2,,
2421,3,,
2422,4,,
2423,3,,
2424,2,,
2425,3,,
2426,2,,
2427,2,,
2428,3,,
2429,2,,
2430,2,,
2431,3,,
2432,2,,
2433,2,,
2434,2,,
2435,2,,
2436,3,,
2437,3,,
2438,3,,
2439,1,,
2440,3,,
2441,2,,
2442,3,,
2443,2,,
2444,3,,
2445,3,,
2446,3,,
2447,1,,
2448,1,,
2449,2,,
2450,2,,
2451,2,,
2452,3,,
2453,2,,
2454,2,,
2455,3,,
2456,0,,
2457,1,,
2458,3,,
2459,1,,
2460,2,,
2461,1,,
2462,2,,
2463,2,,
2464,2,,
2465,2,,
2466,2,,
2467,3,,
2468,4,,
2469,2,,
2470,3,,
2471,0,,
2472,1,,
2473,0,,
2474,2,,
2475,3,,
2476,2,,
2477,2,,
2478,3,,
2479,0,,
2480,3,,
2481,3,,
2482,4,,
2483,3,,
2484,3,,
2485,2,,
2486,2,,
2487,2,,
2488,2,,
2489,3,,
2490,3,,
2491,3,,
2492,2,,
2493,4,,
2494,4,,
2495,2,,
2496,2,,
2497,2,,
2498,2,,
2499,3,,
2500,2,,
2501,2,,
2502,3,,
2503,3,,
2504,2,,
2505,3,,
2506,2,,
2507,3,,
2508,2,,
2509,1,,
2510,0,,
2511,2,,
2512,3,,
2513,2,,
2514,2,,
2515,2,,
2516,3,,
2517,2,,
2518,3,,
2519,2,,
2520,2,,
2521,2,,
2522,2,,
2523,1,,
2524,3,,
2525,1,,
2526,2,,
2527,3,,
2528,2,,
2529,3,,
2530,2,,
2531,1,,
2532,2,,
2533,2,,
2534,0,,
2535,3,,
2536,3,,
2537,3,,
2538,3,,
2539,3,,
2540,3,,
2541,3,,
2542,1,,
2543,2,,
2544,0,,
2545,1,,
2546,2,,
2547,3,,
2548,3,,
2549,3,,
2550,1,,
2551,2,,
2552,2,,
2553,2,,
2554,3,,
2555,3,,
2556,4,,
2557,0,,
2558,2,,
2559,0,,
2560,3,,
2561,3,,
2562,3,,
2563,3,,
2564,3,,
2565,2,,
2566,3,,
2567,4,,
2568,2,,
2569,1,,
2570,3,,
2571,2,,
2572,3,,
2573,2,,
2574,2,,
2575,3,,
2576,2,,
2577,4,,
2578,1,,
2579,2,,
2580,2,,
2581,3,,
2582,4,,
2583,3,,
2584,3,,
2585,1,,
2586,0,,
2587,3,,
2588,2,,
2589,2,,
2590,2,,
2591,1,,
2592,0,,
2593,4,,
2594,1,,
2595,3,,
2596,0,,
2597,3,,
2598,3,,
2599,2,,
2600,3,,
2601,3,,
2602,3,,
2603,1,,
2604,3,,
2605,3,,
2606,3,,
2607,3,,
2608,3,,
2609,2,,
2610,2,,
2611,2,,
2612,2,,
2613,3,,
2614,1,,
2615,1,,
2616,2,,
2617,3,,
2618,2,,
2619,1,,
2620,3,,
2621,1,,
2622,1,,
2623,3,,
2624,2,,
2625,3,,
2626,1,,
2627,2,,
2628,4,,
2629,2,,
2630,0,,
2631,3,,
2632,0,,
2633,4,,
2634,3,,
2635,3,,
2636,1,,
2637,2,,
2638,1,,
2639,2,,
2640,1,,
2641,2,,
2642,2,,
2643,2,,
2644,2,,
2645,2,,
2646,3,,
2647,1,,
2648,3,,
2649,3,,
2650,1,,
2651,1,,
2652,2,,
2653,2,,
2654,1,,
2655,2,,
2656,0,,
2657,3,,
2658,3,,
2659,3,,
2660,3,,
2661,2,,
2662,1,,
2663,3,,
2664,4,,
2665,0,,
2666,2,,
2667,3,,
2668,0,,
2669,2,,
2670,3,,
2671,1,,
2672,2,,
2673,0,,
2674,3,,
2675,3,,
2676,2,,
2677,2,,
2678,2,,
2679,3,,
2680,3,,
2681,4,,
2682,3,,
2683,3,,
2684,4,,
2685,3,,
2686,3,,
2687,2,,
2688,2,,
2689,3,,
2690,3,,
2691,3,,
2692,2,,
2693,3,,
2694,2,,
2695,1,,
2696,3,,
2697,2,,
2698,1,,
2699,2,,
2700,3,,
2701,3,,
2702,0,,
2703,2,,
2704,2,,
2705,3,,
2706,3,,
2707,2,,
2708,2,,
2709,3,,
2710,3,,
2711,3,,
2712,2,,
2713,3,,
2714,3,,
2715,3,,
2716,3,,
2717,2,,
2718,3,,
2719,4,,
2720,3,,
2721,2,,
2722,0,,
2723,3,,
2724,4,,
2725,3,,
2726,1,,
2727,1,,
2728,3,,
2729,3,,
2730,3,,
2731,3,,
2732,3,,
2733,1,,
2734,3,,
2735,2,,
2736,3,,
2737,1,,
2738,2,,
2739,1,,
2740,2,,
2741,3,,
2742,0,,
2743,3,,
2744,3,,
2745,2,,
2746,2,,
2747,3,,
2748,3,,
2749,2,,
2750,3,,
2751,3,,
2752,0,,
2753,2,,
2754,2,,
2755,2,,
2756,2,,
2757,0,,
2758,1,,
2759,2,,
2760,3,,
2761,1,,
2762,2,,
2763,3,,
2764,3,,
2765,2,,
2766,0,,
2767,1,,
2768,2,,
2769,3,,
2770,3,,
2771,2,,
2772,3,,
2773,3,,
2774,2,,
2775,3,,
2776,3,,
2777,2,,
2778,2,,
2779,3,,
2780,3,,
2781,3,,
2782,1,,
2783,3,,
2784,3,,
2785,1,,
2786,2,,
2787,1,,
2788,1,,
2789,0,,
2790,3,,
2791,4,,
2792,2,,
2793,2,,
2794,3,,
2795,2,,
2796,3,,
2797,3,,
2798,3,,
2799,3,,
2800,2,,
2801,3,,
2802,4,,
2803,3,,
2804,2,,
2805,3,,
2806,2,,
2807,2,,
2808,3,,
2809,4,,
2810,3,,
2811,3,,
2812,2,,
2813,2,,
2814,3,,
2815,3,,
2816,2,,
2817,3,,
2818,2,,
2819,3,,
2820,2,,
2821,1,,
2822,3,,
2823,2,,
2824,2,,
2825,2,,
2826,2,,
2827,3,,
2828,3,,
2829,1,,
2830,3,,
2831,2,,
2832,2,,
2833,3,,
2834,3,,
2835,3,,
2836,2,,
2837,4,,
2838,3,,
2839,2,,
2840,3,,
2841,2,,
2842,2,,
2843,3,,
2844,3,,
2845,3,,
2846,3,,
2847,3,,
2848,2,,
2849,2,,
2850,2,,
2851,2,,
2852,2,,
2853,3,,
2854,3,,
2855,3,,
2856,2,,
2857,3,,
2858,3,,
2859,3,,
2860,1,,
2861,4,,
2862,3,,
2863,3,,
2864,0,,
2865,3,,
2866,2,,
2867,3,,
2868,3,,
2869,2,,
2870,3,,
2871,3,,
2872,2,,
2873,3,,
2874,4,,
2875,3,,
2876,2,,
2877,3,,
2878,3,,
2879,1,,
2880,3,,
2881,3,,
2882,3,,
2883,3,,
2884,3,,
2885,1,,
2886,1,,
2887,3,,
2888,3,,
2889,2,,
2890,2,,
2891,2,,
2892,3,,
2893,2,,
2894,2,,
2895,2,,
2896,3,,
2897,3,,
2898,3,,
2899,3,,
2900,2,,
2901,2,,
2902,2,,
2903,3,,
2904,3,,
2905,2,,
2906,4,,
2907,2,,
2908,3,,
2909,2,,
2910,2,,
2911,0,,
2912,2,,
2913,3,,
2914,2,,
2915,2,,
2916,2,,
2917,3,,
2918,0,,
2919,2,,
2920,0,,
2921,0,,
2922,3,,
2923,2,,
2924,2,,
2925,3,,
2926,2,,
2927,3,,
2928,2,,
2929,3,,
2930,3,,
2931,3,,
2932,2,,
2933,3,,
2934,2,,
2935,2,,
2936,0,,
2937,2,,
2938,2,,
2939,2,,
2940,2,,
2941,3,,
2942,3,,
2943,2,,
2944,2,,
2945,2,,
2946,0,,
2947,2,,
2948,3,,
2949,3,,
2950,3,,
2951,4,,
2952,3,,
2953,2,,
2954,2,,
2955,2,,
2956,3,,
2957,3,,
2958,2,,
2959,2,,
2960,3,,
2961,3,,
2962,2,,
2963,2,,
2964,2,,
2965,0,,
2966,2,,
2967,3,,
2968,2,,
2969,3,,
2970,2,,
2971,2,,
2972,3,,
2973,2,,
2974,0,,
2975,2,,
2976,2,,
2977,2,,
2978,3,,
2979,4,,
2980,3,,
2981,1,,
2982,2,,
2983,2,,
2984,3,,
2985,1,,
2986,3,,
2987,2,,
2988,0,,
2989,3,,
2990,2,,
2991,2,,
2992,3,,
2993,2,,
2994,2,,
2995,2,,
2996,3,,
2997,2,,
2998,2,,
2999,3,,
3000,3,,
3001,2,,
3002,2,,
3003,2,,
3004,2,,
3005,2,,
3006,3,,
3007,2,,
3008,0,,
3009,2,,
3010,2,,
3011,4,,
3012,2,,
3013,2,,
3014,2,,
3015,0,,
3016,3,,
3017,2,,
3018,2,,
3019,2,,
3020,2,,
3021,2,,
3022,3,,
3023,2,,
3024,2,,
3025,2,,
3026,0,,
3027,2,,
3028,4,,
3029,4,,
3030,3,,
3031,2,,
3032,2,,
3033,4,,
3034,3,,
3035,0,,
3036,3,,
3037,2,,
3038,2,,
3039,2,,
3040,2,,
3041,2,,
3042,0,,
3043,2,,
3044,2,,
3045,2,,
3046,2,,
3047,2,,
3048,2,,
3049,2,,
3050,2,,
3051,2,,
3052,4,,
3053,2,,
3054,0,,
3055,2,,
3056,2,,
3057,2,,
3058,2,,
3059,2,,
3060,2,,
3061,2,,
3062,2,,
3063,2,,
3064,2,,
3065,2,,
3066,3,,
3067,2,,
3068,3,,
3069,2,,
3070,2,,
3071,3,,
3072,2,,
3073,2,,
3074,4,,
3075,0,,
3076,2,,
3077,2,,
3078,2,,
3079,3,,
3080,4,,
3081,2,,
3082,2,,
3083,2,,
3084,2,,
3085,3,,
3086,2,,
3087,2,,
3088,0,,
3089,2,,
3090,2,,
3091,2,,
3092,2,,
3093,3,,
3094,2,,
3095,2,,
3096,2,,
3097,2,,
3098,2,,
3099,2,,
3100,4,,
3101,3,,
3102,2,,
3103,2,,
3104,1,,
3105,2,,
3106,2,,
3107,2,,
3108,2,,
3109,2,,
3110,2,,
3111,2,,
3112,2,,
3113,2,,
3114,2,,
3115,2,,
3116,2,,
3117,2,,
3118,2,,
3119,3,,
3120,2,,
3121,2,,
3122,4,,
3123,2,,
3124,2,,
3125,2,,
3126,3,,
3127,2,,
3128,2,,
3129,2,,
3130,2,,
3131,2,,
3132,2,,
3133,4,,
3134,2,,
3135,2,,
3136,2,,
3137,2,,
3138,2,,
3139,2,,
3140,2,,
3141,2,,
3142,2,,
3143,0,,
3144,2,,
3145,2,,
3146,2,,
3147,2,,
3148,2,,
3149,2,,
3150,0,,
3151,2,,
3152,2,,
3153,2,,
3154,1,,
3155,0,,
3156,2,,
3157,1,,
3158,2,,
3159,2,,
3160,2,,
3161,4,,
3162,3,,
3163,2,,
3164,2,,
3165,2,,
3166,2,,
3167,2,,
3168,2,,
3169,2,,
3170,2,,
3171,3,,
3172,2,,
3173,2,,
3174,2,,
3175,2,,
3176,2,,
3177,4,,
3178,2,,
3179,3,,
3180,2,,
3181,0,,
3182,2,,
3183,2,,
3184,2,,
3185,3,,
3186,2,,
3187,0,,
3188,0,,
3189,2,,
3190,2,,
3191,3,,
3192,2,,
3193,3,,
3194,5,,
3195,2,,
3196,2,,
3197,2,,
3198,3,,
3199,4,,
3200,2,,
3201,2,,
3202,2,,
3203,2,,
3204,2,,
3205,2,,
3206,2,,
3207,2,,
3208,1,,
3209,1,,
3210,2,,
3211,2,,
3212,2,,
3213,2,,
3214,3,,
3215,2,,
3216,2,,
3217,2,,
3218,2,,
3219,2,,
3220,2,,
3221,2,,
3222,2,,
3223,2,,
3224,2,,
3225,2,,
3226,2,,
3227,2,,
3228,2,,
3229,2,,
3230,2,,
3231,3,,
3232,2,,
3233,2,,
3234,2,,
3235,2,,
3236,3,,
3237,2,,
3238,3,,
3239,2,,
3240,2,,
3241,2,,
3242,2,,
3243,2,,
3244,2,,
3245,2,,
3246,0,,
3247,2,,
3248,2,,
3249,2,,
3250,3,,
3251,3,,
3252,4,,
3253,2,,
3254,2,,
3255,2,,
3256,3,,
3257,4,,
3258,2,,
3259,0,,
3260,2,,
3261,3,,
3262,2,,
3263,2,,
3264,2,,
3265,2,,
3266,2,,
3267,2,,
3268,3,,
3269,2,,
3270,2,,
3271,2,,
3272,0,,
3273,5,,
3274,1,,
3275,2,,
3276,2,,
3277,2,,
3278,1,,
3279,2,,
3280,0,,
3281,2,,
3282,2,,
3283,2,,
3284,2,,
3285,2,,
3286,2,,
3287,3,,
3288,2,,
3289,2,,
3290,2,,
3291,2,,
3292,2,,
3293,2,,
3294,3,,
3295,2,,
3296,2,,
3297,2,,
3298,2,,
3299,2,,
3300,2,,
3301,2,,
3302,2,,
3303,2,,
3304,4,,
3305,2,,
3306,2,,
3307,2,,
3308,2,,
3309,0,,
3310,2,,
3311,2,,
3312,2,,
3313,2,,
3314,3,,
3315,2,,
3316,4,,
3317,2,,
3318,2,,
3319,0,,
3320,2,,
3321,2,,
3322,2,,
3323,2,,
3324,2,,
3325,4,,
3326,2,,
3327,2,,
3328,2,,
3329,2,,
3330,2,,
3331,2,,
3332,3,,
3333,3,,
3334,2,,
3335,0,,
3336,2,,
3337,3,,
3338,2,,
3339,2,,
3340,2,,
3341,2,,
3342,1,,
3343,3,,
3344,2,,
3345,2,,
3346,0,,
3347,2,,
3348,0,,
3349,2,,
3350,2,,
3351,2,,
3352,2,,
3353,2,,
3354,2,,
3355,2,,
3356,2,,
3357,3,,
3358,2,,
3359,2,,
3360,3,,
3361,2,,
3362,2,,
3363,2,,
3364,2,,
3365,3,,
3366,2,,
3367,2,,
3368,2,,
3369,2,,
3370,3,,
3371,2,,
3372,2,,
3373,2,,
3374,2,,
3375,2,,
3376,2,,
3377,2,,
3378,1,,
3379,2,,
3380,0,,
3381,2,,
3382,2,,
3383,1,,
3384,2,,
3385,2,,
3386,3,,
3387,0,,
3388,2,,
3389,0,,
3390,0,,
3391,2,,
3392,2,,
3393,2,,
3394,2,,
3395,2,,
3396,2,,
3397,2,,
3398,3,,
3399,2,,
3400,2,,
3401,2,,
3402,2,,
3403,4,,
3404,2,,
3405,2,,
3406,2,,
3407,2,,
3408,5,,
3409,2,,
3410,2,,
3411,2,,
3412,2,,
3413,2,,
3414,0,,
3415,2,,
3416,2,,
3417,2,,
3418,3,,
3419,2,,
3420,2,,
3421,2,,
3422,0,,
3423,0,,
3424,2,,
3425,2,,
3426,2,,
3427,1,,
3428,2,,
3429,2,,
3430,2,,
3431,2,,
3432,0,,
3433,2,,
3434,2,,
3435,2,,
3436,2,,
3437,2,,
3438,2,,
3439,2,,
3440,2,,
3441,2,,
3442,2,,
3443,2,,
3444,2,,
3445,2,,
3446,0,,
3447,0,,
3448,2,,
3449,2,,
3450,2,,
3451,3,,
3452,2,,
3453,2,,
3454,2,,
3455,2,,
3456,2,,
3457,2,,
3458,2,,
3459,2,,
3460,2,,
3461,2,,
3462,2,,
3463,1,,
3464,2,,
3465,2,,
3466,2,,
3467,2,,
3468,3,,
3469,2,,
3470,2,,
3471,2,,
3472,2,,
3473,2,,
3474,4,,
3475,2,,
3476,2,,
3477,2,,
3478,2,,
3479,2,,
3480,3,,
3481,2,,
3482,0,,
3483,3,,
3484,2,,
3485,2,,
3486,2,,
3487,0,,
3488,2,,
3489,2,,
3490,2,,
3491,2,,
3492,1,,
3493,2,,
3494,1,,
3495,2,,
3496,2,,
3497,2,,
3498,2,,
3499,1,,
3500,2,,
3501,2,,
3502,2,,
3503,0,,
3504,2,,
3505,2,,
3506,2,,
3507,2,,
3508,2,,
3509,0,,
3510,2,,
3511,2,,
3512,2,,
3513,2,,
3514,1,,
3515,2,,
3516,2,,
3517,2,,
3518,2,,
3519,2,,
3520,2,,
3521,2,,
3522,2,,
3523,4,,
3524,2,,
3525,2,,
3526,1,,
3527,3,,
3528,0,,
3529,2,,
3530,2,,
3531,2,,
3532,2,,
3533,2,,
3534,2,,
3535,2,,
3536,2,,
3537,2,,
3538,2,,
3539,2,,
3540,2,,
3541,2,,
3542,2,,
3543,2,,
3544,2,,
3545,2,,
3546,2,,
3547,2,,
3548,1,,
3549,2,,
3550,2,,
3551,2,,
3552,2,,
3553,2,,
3554,2,,
3555,1,,
3556,2,,
3557,0,,
3558,2,,
3559,2,,
3560,2,,
3561,2,,
3562,2,,
3563,2,,
3564,1,,
3565,2,,
3566,2,,
3567,2,,
3568,0,,
3569,2,,
3570,2,,
3571,2,,
3572,2,,
3573,2,,
3574,2,,
3575,2,,
3576,2,,
3577,0,,
3578,2,,
3579,2,,
3580,2,,
3581,2,,
3582,3,,
3583,2,,
3584,1,,
3585,2,,
3586,2,,
3587,5,,
3588,2,,
3589,2,,
3590,2,,
3591,2,,
3592,3,,
3593,2,,
3594,2,,
3595,2,,
3596,2,,
3597,2,,
3598,2,,
3599,2,,
3600,2,,
3601,2,,
3602,0,,
3603,2,,
3604,2,,
3605,2,,
3606,0,,
3607,2,,
3608,2,,
3609,3,,
